Curator Address,Curators Name,Collection ID,Collection Name,Collection Items,Timestamp,Collection fee,Paid fee
0x5d7846007c1dd6dca25d16ce2f71ec13bcdcf6f0,Lau,0x08247a63a38c52bf5612ebf6fada5bb8f494e8b8,ICE Crowns,1,1636323878,500.00000000,50.00000000
0x5d7846007c1dd6dca25d16ce2f71ec13bcdcf6f0,Lau,0x69f75bc12439c0d8dc54ef24baa0406421a0f6a5,Royal Hearts,1,1637098804,500.00000000,50.00000000
0x5d7846007c1dd6dca25d16ce2f71ec13bcdcf6f0,Lau,0x36e94d12899317dc792e558f993213eef9b85c78,Cyber Oni Mask,1,1637099214,500.00000000,50.00000000
0x5d7846007c1dd6dca25d16ce2f71ec13bcdcf6f0,Lau,0x289f3374440eae1224910bad726b6421fc0be66d,Santa hats,1,1637322587,500.00000000,50.00000000
0x5d7846007c1dd6dca25d16ce2f71ec13bcdcf6f0,Lau,0xf3cae1159280462fbd556d6133977d91f18c5529,Sushi Sneakers,1,1637496869,500.00000000,50.00000000
0x5d7846007c1dd6dca25d16ce2f71ec13bcdcf6f0,Lau,0x328e12354a5956fff998da20f65c679b1cebb0d0,Party Animal Sunglasses,1,1637511097,500.00000000,50.00000000
0x5d7846007c1dd6dca25d16ce2f71ec13bcdcf6f0,Lau,0x27c474895ee6bb20deb00a4f7b2d63bc3ff09bfb,Hater Blockers,1,1639517183,100.00000000,10.00000000
0x5d7846007c1dd6dca25d16ce2f71ec13bcdcf6f0,Lau,0xe3d2c4ec777fb88dd219905cd896f79a592adf30,Flat Hat,1,1639569803,100.00000000,10.00000000
0x5d7846007c1dd6dca25d16ce2f71ec13bcdcf6f0,Lau,0x0ffa97a13a8c342259619ee06e3320a6bd55c0d5,Stoney Collection,1,1639670326,100.00000000,10.00000000
0x5d7846007c1dd6dca25d16ce2f71ec13bcdcf6f0,Lau,0x966c39e367c3276a7142a7368f81aceb7f804243,Marionette Collection,2,1639685246,200.00000000,10.00000000
0x5d7846007c1dd6dca25d16ce2f71ec13bcdcf6f0,Lau,0xc717713847161131034deb6b7b907e35f2452dd1,Dragon Kite,3,1639728274,300.00000000,10.00000000
0x5d7846007c1dd6dca25d16ce2f71ec13bcdcf6f0,Lau,0xf912266e1d3760f1b7e7c0b3e1a70134dcc87849,Nordic Style,1,1639732314,100.00000000,10.00000000
0x5d7846007c1dd6dca25d16ce2f71ec13bcdcf6f0,Lau,0x2f6763f3240ab1510562c5e40a3d03378a5c9afe,Vertualize it!,1,1639751342,100.00000000,10.00000000
0x5d7846007c1dd6dca25d16ce2f71ec13bcdcf6f0,Lau,0xa71f0d4bc14f1f528cb26b0123d27793dede5383,DCL Mecha Cupid,2,1639751964,200.00000000,10.00000000
0x5d7846007c1dd6dca25d16ce2f71ec13bcdcf6f0,Lau,0xfbaa98691eeddc11103d053de8e3f5a1b6f08e76,Wings,1,1639752727,100.00000000,10.00000000
0x5d7846007c1dd6dca25d16ce2f71ec13bcdcf6f0,Lau,0x49cf3172fc1fbdb8f1e7d825a8d7d57150b303f5,The Last Halo,1,1639753481,100.00000000,10.00000000
0x5d7846007c1dd6dca25d16ce2f71ec13bcdcf6f0,Lau,0xcac355d968920d4e009a78c95237e2ae51c506b3,Rare Weed Wings by Kandy Girl,1,1639876250,100.00000000,10.00000000
0x5d7846007c1dd6dca25d16ce2f71ec13bcdcf6f0,Lau,0x29470eea1ec37f25669879d0aaf9bebcaf0f92c1,#Monster Hall,3,1639916798,300.00000000,10.00000000
0x5d7846007c1dd6dca25d16ce2f71ec13bcdcf6f0,Lau,0xeac94d501df21d4e45e9db57f3db9cc1c2c588fa,Vertual King,2,1640170391,200.00000000,10.00000000
0x5d7846007c1dd6dca25d16ce2f71ec13bcdcf6f0,Lau,0x5e3ac508df6b2f8effa1aa9ca21a09fc1cd2df4a,"BitBearsâ„¢ - Bear Max ""Ultra""",5,1640256937,500.00000000,10.00000000
0x5d7846007c1dd6dca25d16ce2f71ec13bcdcf6f0,Lau,0x7e96a589d7ca7554fcd5f1a997cbd00338e4ce34,Astro Tux,3,1640370279,300.00000000,10.00000000
0x5d7846007c1dd6dca25d16ce2f71ec13bcdcf6f0,Lau,0xb39165b9f333d83d7212f9ca7084f0b0dbf3363d,Misfit I,1,1640370409,100.00000000,10.00000000
0x5d7846007c1dd6dca25d16ce2f71ec13bcdcf6f0,Lau,0xd2fd30d8134cf2640d18ed146a197afc626e6cdc,Trippin' DripPunk,1,1640370783,100.00000000,10.00000000
0x5d7846007c1dd6dca25d16ce2f71ec13bcdcf6f0,Lau,0x714e084ae50386fc29c8962826d5b5a2e91f6281,J&P Supply,1,1641120212,100.00000000,10.00000000
0x5d7846007c1dd6dca25d16ce2f71ec13bcdcf6f0,Lau,0x451612c0e742e27f2cfb3888ad2813eec8dd1ba3,ICE Joker,25,1641196473,2500.00000000,10.00000000
0x5d7846007c1dd6dca25d16ce2f71ec13bcdcf6f0,Lau,0x28b7096cdbef123b4fa5d26a1a4e5769a84ad2e2,DCLDating Mecha Cupid Alpha,1,1641234399,100.00000000,10.00000000
0x5d7846007c1dd6dca25d16ce2f71ec13bcdcf6f0,Lau,0x793574558a088cdf50ffa392981282c80f70d0ab,Only 90s Kids Know,1,1641313528,100.00000000,10.00000000
0x5d7846007c1dd6dca25d16ce2f71ec13bcdcf6f0,Lau,0xcdd8ec9d95293bb4f90ef8710dd93e53790c4193,TV Head,1,1641328059,100.00000000,10.00000000
0x5d7846007c1dd6dca25d16ce2f71ec13bcdcf6f0,Lau,0xe1db20f12af1bd55e80b33cb1ce5ee9881fcd00f,Butterfly Kimono,1,1641328981,100.00000000,10.00000000
0x5d7846007c1dd6dca25d16ce2f71ec13bcdcf6f0,Lau,0x1064f6c7dfbce9ac1851ff0dc71e25ed743a3607,I did it first! Meta Skate Drip!,1,1641498303,100.00000000,10.00000000
0x5d7846007c1dd6dca25d16ce2f71ec13bcdcf6f0,Lau,0x3d4df58d7de9c2dfdff633c6a9517c284ce448c7,Helmet Haze,1,1641498847,100.00000000,10.00000000
0x5d7846007c1dd6dca25d16ce2f71ec13bcdcf6f0,Lau,0xef0890e5d8a13c9028bd5182e196e061d25b3992,Portion  - Digital Space,3,1641499931,300.00000000,10.00000000
0x5d7846007c1dd6dca25d16ce2f71ec13bcdcf6f0,Lau,0x1dea63646457a6ddc716169f89fa738c43c90ccb,Neon Reaper Rave Hair,1,1641502302,100.00000000,10.00000000
0x5d7846007c1dd6dca25d16ce2f71ec13bcdcf6f0,Lau,0xa8e14525c4c59c262e1f026b0ac99eee8d81915f,Space Cat Balloon Buddy,1,1641651883,100.00000000,10.00000000
0x5d7846007c1dd6dca25d16ce2f71ec13bcdcf6f0,Lau,0x0f05d6899686a0bb927b93739ae124ea25e6224c,DogMan X DCLDating Mecha  Dog,2,1641679957,200.00000000,10.00000000
0x5d7846007c1dd6dca25d16ce2f71ec13bcdcf6f0,Lau,0x7d4b99f83b38b788c62d515e6b67fc62cde2b0ac,Oops I did it again! Meta Skate2,1,1641685669,100.00000000,10.00000000
0x5d7846007c1dd6dca25d16ce2f71ec13bcdcf6f0,Lau,0xcc3f1c06aad8f1ec56f3cee2a4e13c798b78dac0,Penguin Fight Club Peng Heads,2,1641686497,200.00000000,10.00000000
0x5d7846007c1dd6dca25d16ce2f71ec13bcdcf6f0,Lau,0x6b743480f2431b1f9e30ebf286fe4ef331b9293f,Meta Pet Two,1,1641686675,100.00000000,10.00000000
0x5d7846007c1dd6dca25d16ce2f71ec13bcdcf6f0,Lau,0xd1b60ef15f368c83a90dac4af70aa150b0944521,RadioHead,1,1641686985,100.00000000,10.00000000
0x5d7846007c1dd6dca25d16ce2f71ec13bcdcf6f0,Lau,0xfd4222a7e3591a36a9caa0a8ef021c5131712589,NFT Panama Presents,1,1641687273,100.00000000,10.00000000
0x5d7846007c1dd6dca25d16ce2f71ec13bcdcf6f0,Lau,0x0a92f166d5e030dacd5c33fd5fc810d9b14c0802,Wolf Pack,1,1641687721,100.00000000,10.00000000
0x5d7846007c1dd6dca25d16ce2f71ec13bcdcf6f0,Lau,0x06e2ee8c334886d3be756b1ae52c0638beda174f,420 In Decentraland,1,1641728475,100.00000000,10.00000000
0x5d7846007c1dd6dca25d16ce2f71ec13bcdcf6f0,Lau,0x2d74fa5683f91a575081c4dd75ee623e005cee4a,#KJUNSocks Into the Metaverse ,1,1641728573,100.00000000,10.00000000
0x5d7846007c1dd6dca25d16ce2f71ec13bcdcf6f0,Lau,0xe939a98d4fa55a57d3f5aea98a83fd1ea4d5e619,Bufalo BOTW Genesis Skulls,1,1641728817,100.00000000,10.00000000
0x5d7846007c1dd6dca25d16ce2f71ec13bcdcf6f0,Lau,0x563e2081b3cd716ed76fc0993b7e49939cb342a5,Black Lipstick,1,1641773318,100.00000000,10.00000000
0x5d7846007c1dd6dca25d16ce2f71ec13bcdcf6f0,Lau,0x837778f1b6f3a634064de32bcb8d0ebfb769f917,Bullish ,1,1641773771,100.00000000,10.00000000
0x5d7846007c1dd6dca25d16ce2f71ec13bcdcf6f0,Lau,0x9c9d9c846723af60fbe2dc6adbda6b4b45349454,1 Mana Merch,1,1641774183,100.00000000,10.00000000
0x5d7846007c1dd6dca25d16ce2f71ec13bcdcf6f0,Lau,0x09ec967c5310af6d298bb1fb409c6080a126764d,GANG GANG 420,1,1641774933,100.00000000,10.00000000
0x5d7846007c1dd6dca25d16ce2f71ec13bcdcf6f0,Lau,0xf417a37aa83abb7d930c923b452d12b209fa3a28,Animal Friends,1,1641803377,100.00000000,10.00000000
0x5d7846007c1dd6dca25d16ce2f71ec13bcdcf6f0,Lau,0xaba866baa206dc7da21aee72c8112769fd5f4b7c,Uniqly Christmas  - Chests Gifts,2,1641804843,200.00000000,10.00000000
0x5d7846007c1dd6dca25d16ce2f71ec13bcdcf6f0,Lau,0x467b984ba64c79efcb1baf53c435096a1c1baf27,Gods Collection 1,1,1641833120,100.00000000,10.00000000
0x5d7846007c1dd6dca25d16ce2f71ec13bcdcf6f0,Lau,0x719e9d47c098490cfcb7bc444c45d0a86124c796,Pussy Hair,1,1641888179,100.00000000,10.00000000
0x5d7846007c1dd6dca25d16ce2f71ec13bcdcf6f0,Lau,0x1e3d0d395eb6f3d763feb0b1324b165ac498071a,Meta Smokers Cigarettes,1,1641888885,100.00000000,10.00000000
0x5d7846007c1dd6dca25d16ce2f71ec13bcdcf6f0,Lau,0x29a29f9cf7ca9f6906b46e1fcd1a1016bfa6cbcc,MetaOptics,1,1641894474,100.00000000,10.00000000
0x5d7846007c1dd6dca25d16ce2f71ec13bcdcf6f0,Lau,0x53d2bf721c85978b2cc0706e601d7fc39d3a3818,HELLA STONED,2,1641914662,200.00000000,10.00000000
0x5d7846007c1dd6dca25d16ce2f71ec13bcdcf6f0,Lau,0x3e63938400a867880565a762fe38fc9915400464,Legendary Weed Suit,2,1642006413,200.00000000,10.00000000
0x5d7846007c1dd6dca25d16ce2f71ec13bcdcf6f0,Lau,0x380227be977713ff8c5c401bb6102b4811f2c6b3,Rare Weed Suit,2,1642021636,200.00000000,10.00000000
0x5d7846007c1dd6dca25d16ce2f71ec13bcdcf6f0,Lau,0x348829d82bf657a8640bd96d7a8e89eef12fe72e,Metafox Crew ,1,1642062060,100.00000000,10.00000000
0x5d7846007c1dd6dca25d16ce2f71ec13bcdcf6f0,Lau,0xe05dacdf7e8e0f04b59050c8f64f5bde04d58f38,Rare Shoe Merch,6,1642114158,600.00000000,10.00000000
0x5d7846007c1dd6dca25d16ce2f71ec13bcdcf6f0,Lau,0x2e34cd906459f64a12a304bbc5562f1adb0d4294,Invisibility Hat ,1,1642114806,100.00000000,10.00000000
0x5d7846007c1dd6dca25d16ce2f71ec13bcdcf6f0,Lau,0x7afb1f92a9cf29812961e5ff44aaca99efa6d67e,The King of Decentraland ,1,1642203254,100.00000000,10.00000000
0x5d7846007c1dd6dca25d16ce2f71ec13bcdcf6f0,Lau,0x22c4c62577eace85c692bc2284a6b07d283964b5,Weed Aura,1,1642203606,100.00000000,10.00000000
0x5d7846007c1dd6dca25d16ce2f71ec13bcdcf6f0,Lau,0x517edfd0fec56073ac1d67ab7de2a6be2a144a0f,The Perfect Halo,1,1642204180,100.00000000,10.00000000
0x5d7846007c1dd6dca25d16ce2f71ec13bcdcf6f0,Lau,0xe1ad67bf81b0e1f0e38b6afc11a8709106a107a2,The Amazing Power,1,1642205580,100.00000000,10.00000000
0x5d7846007c1dd6dca25d16ce2f71ec13bcdcf6f0,Lau,0xbcb012d5a428eaeb56d0ba08fdfa850f90342ec1,CRYPTO COWBOYS x DCL REAL ESTATE,5,1642322673,500.00000000,10.00000000
0x5d7846007c1dd6dca25d16ce2f71ec13bcdcf6f0,Lau,0x90393933b22f156d6145048cc0c226f70def4d24,It's Showtime! By MetaWear,2,1642323023,200.00000000,10.00000000
0x5d7846007c1dd6dca25d16ce2f71ec13bcdcf6f0,Lau,0x044c00210f642bcb783cab79c1e452fad0e6cf90,Bong Head by Only 90s Kids Know,1,1642369066,100.00000000,10.00000000
0x5d7846007c1dd6dca25d16ce2f71ec13bcdcf6f0,Lau,0x4c573c38f450620628a6a9e78a649f03fc186767,White Tiger,4,1642458438,400.00000000,10.00000000
0x5d7846007c1dd6dca25d16ce2f71ec13bcdcf6f0,Lau,0xc905273727ee81e3730b255b263d85275c2555a9,RGB - Anomalous LTD,3,1642463030,300.00000000,10.00000000
0x5d7846007c1dd6dca25d16ce2f71ec13bcdcf6f0,Lau,0x9938f012d74f3b8f5475ae474209c25b2b090eec,Samurai ONI Mask,1,1642532186,100.00000000,10.00000000
0x5d7846007c1dd6dca25d16ce2f71ec13bcdcf6f0,Lau,0xa6a59f7a7b1401670ea09dc5554b55757163e20d,Bored Vibes Black Hoodies,1,1642533405,100.00000000,10.00000000
0x5d7846007c1dd6dca25d16ce2f71ec13bcdcf6f0,Lau,0xfa366878a954254abc75572b41436e88dfd6e384,Blazin Armor - Ember Wings,1,1642533923,100.00000000,10.00000000
0x5d7846007c1dd6dca25d16ce2f71ec13bcdcf6f0,Lau,0x217e5f6e879c103cc599e4fd1f06bcced9ee45c8,Pocket Goat Collection,1,1642534456,100.00000000,10.00000000
0x5d7846007c1dd6dca25d16ce2f71ec13bcdcf6f0,Lau,0x5dcd1fbe4a6573c589bd615f41d4fe11bcd3a863,Bored Vibes Hoodie ,1,1642535456,100.00000000,10.00000000
0x5d7846007c1dd6dca25d16ce2f71ec13bcdcf6f0,Lau,0xc7e3508c8aef20d38bbb270535d9b7cc8f60a4c1,ARTIC NINJA,1,1642542031,100.00000000,10.00000000
0x5d7846007c1dd6dca25d16ce2f71ec13bcdcf6f0,Lau,0xeb37273c8091711e8beb75bad844d2acfb33ddd3,NFTesp - Lanzamiento HQ,1,1642718331,100.00000000,10.00000000
0x5d7846007c1dd6dca25d16ce2f71ec13bcdcf6f0,Lau,0x6830213283b2771b81f093b70ef4a6609b3169c7,Mr. W & Mr. J Wizard Collection,1,1642839588,100.00000000,10.00000000
0x5d7846007c1dd6dca25d16ce2f71ec13bcdcf6f0,Lau,0x2ea26e36aaa23a604f0896668b1fc987211d2890,It's 420 Weed Leaf Shades,1,1642841730,100.00000000,10.00000000
0x5d7846007c1dd6dca25d16ce2f71ec13bcdcf6f0,Lau,0xfe94affb8b4044ed02f80411a87dffc6a9b39918,Formal Weed Suit by Kandy Girl,1,1642843210,100.00000000,10.00000000
0x5d7846007c1dd6dca25d16ce2f71ec13bcdcf6f0,Lau,0xc184f822184de177a724db5f0f0b296b4ed73f9a,Hero 1s,2,1643061961,200.00000000,10.00000000
0x5d7846007c1dd6dca25d16ce2f71ec13bcdcf6f0,Lau,0xfded171d346107c1d4eb20f37484e8dd65beac9b,Bufalo BFL Genesis Hats,1,1643066831,100.00000000,10.00000000
0x5d7846007c1dd6dca25d16ce2f71ec13bcdcf6f0,Lau,0x26891958d0ad054c360f06c3ce10e10b6db21a56,Futuristic Fashion Items,1,1643151882,100.00000000,10.00000000
0x5d7846007c1dd6dca25d16ce2f71ec13bcdcf6f0,Lau,0x5a9bbdcc5fa89c048e4c57c9ea7396d37b2b3679,Weed Nimbus,3,1643153282,300.00000000,10.00000000
0x5d7846007c1dd6dca25d16ce2f71ec13bcdcf6f0,Lau,0x02048643e32f893406dc2012a2f48a3023645612,Wealth Hat by Only 90s Kids Know,1,1643153796,100.00000000,10.00000000
0x5d7846007c1dd6dca25d16ce2f71ec13bcdcf6f0,Lau,0x9dcd7786303b95667c60d61cdd25bbd6ebdc860c,WIZ-GARB,3,1643220934,300.00000000,10.00000000
0x5d7846007c1dd6dca25d16ce2f71ec13bcdcf6f0,Lau,0x94412aae7c206783f931d8cd27a9857f69ef2a08,IG Casino Collection ,1,1643221236,100.00000000,10.00000000
0x5d7846007c1dd6dca25d16ce2f71ec13bcdcf6f0,Lau,0x69f4c060bb4772b637f7cf1723f60e266b06751a,Shroom Shoes ,1,1643222660,100.00000000,10.00000000
0x5d7846007c1dd6dca25d16ce2f71ec13bcdcf6f0,Lau,0x28e16e69e8df44224713558555d898faba2d1aef,DODO New Year,1,1643223702,100.00000000,10.00000000
0x5d7846007c1dd6dca25d16ce2f71ec13bcdcf6f0,Lau,0x4697951d7e26f317f65ba0dffa4b73a02a5d404e,Digital Diamond NFTS by Mookie ,1,1643224476,100.00000000,10.00000000
0x5d7846007c1dd6dca25d16ce2f71ec13bcdcf6f0,Lau,0x71f4b9c94622f7d17abf0a56ccaa5faca0942b5f,Sinful Mew Bubble,1,1643225168,100.00000000,10.00000000
0x5d7846007c1dd6dca25d16ce2f71ec13bcdcf6f0,Lau,0x914b27968d27fbae8a57eb0f0cb933799610b46f,Hella's Pride,2,1643225522,200.00000000,10.00000000
0x5d7846007c1dd6dca25d16ce2f71ec13bcdcf6f0,Lau,0xe87e26c0fdcbde5ea37a24c731a834938093051b,Witchcraft,1,1643317515,100.00000000,10.00000000
0x5d7846007c1dd6dca25d16ce2f71ec13bcdcf6f0,Lau,0x2fa4ddd62aab7955565b5368142b79d1375376d7,Dusty Old Bones,1,1643662146,100.00000000,10.00000000
0x5d7846007c1dd6dca25d16ce2f71ec13bcdcf6f0,Lau,0x97f05fd32c4a5ec98e39828104a65d11a1c3c03b,BlaZin 420,1,1643662858,100.00000000,10.00000000
0x5d7846007c1dd6dca25d16ce2f71ec13bcdcf6f0,Lau,0xd2ae37cca5ae6b4ffb470399366d875fdd86aa26,Party Weed Suit by Kandy Girl,1,1643663352,100.00000000,10.00000000
0x5d7846007c1dd6dca25d16ce2f71ec13bcdcf6f0,Lau,0x8ce2d3198a436a4d3553866db7993af0ca1ec0b9,Crypto Auras - by Nikki Fuego,3,1643663940,300.00000000,10.00000000
0x5d7846007c1dd6dca25d16ce2f71ec13bcdcf6f0,Lau,0xe9fc3f1c23fa65342452d1fdcf22fa2f51576dec,Meckaducks upper body 2022,1,1643738941,100.00000000,10.00000000
0x5d7846007c1dd6dca25d16ce2f71ec13bcdcf6f0,Lau,0x19ba9e930c975d264a7989d18cfe5e92012927bc,casual friday,1,1643739357,100.00000000,10.00000000
0x5d7846007c1dd6dca25d16ce2f71ec13bcdcf6f0,Lau,0xcf8c6ab4310f16870d0fafecfa315775b6e4db70,First Merch,1,1643739599,100.00000000,10.00000000
0x5d7846007c1dd6dca25d16ce2f71ec13bcdcf6f0,Lau,0xdc62e29b93ac023dc627e6e492e1c155c406ecce,customer order 2,1,1643740560,100.00000000,10.00000000
0x5d7846007c1dd6dca25d16ce2f71ec13bcdcf6f0,Lau,0x2c4b5c627ed91136a1e87d597e1066879844833b,Invisibility Ring,1,1643887535,100.00000000,10.00000000
0x5d7846007c1dd6dca25d16ce2f71ec13bcdcf6f0,Lau,0x9e935f65518a6e7643e1696e453081e564cf6f3a,Runixcoin Miner Collection ULTRA,1,1644104383,100.00000000,10.00000000
0x5d7846007c1dd6dca25d16ce2f71ec13bcdcf6f0,Lau,0x08d131cfa304c3b47f9c57f95e6c4e5548d25bb4,Red Bottom Loafers ,1,1644105541,100.00000000,10.00000000
0x5d7846007c1dd6dca25d16ce2f71ec13bcdcf6f0,Lau,0x1769b4d4c1a65e51a8d08b5e5189b939c0083b86,Apes 3D 0453 ,1,1644105951,100.00000000,10.00000000
0x5d7846007c1dd6dca25d16ce2f71ec13bcdcf6f0,Lau,0x66cbee9798daa6da8dd00c40cfb7da4d8554bf56,DOCTORdripp Walkman,1,1644107821,100.00000000,10.00000000
0x5d7846007c1dd6dca25d16ce2f71ec13bcdcf6f0,Lau,0xd257b3334445e0e4e44b8278909c837712346fb7,Digital Diamonds for Her,1,1644140961,100.00000000,10.00000000
0x5d7846007c1dd6dca25d16ce2f71ec13bcdcf6f0,Lau,0x82751a5571e228d98319826b50767e8378c7666d,Weedcommerce 2,1,1644270999,100.00000000,10.00000000
0x5d7846007c1dd6dca25d16ce2f71ec13bcdcf6f0,Lau,0x87b1f6bc029c21834f633ff91af026f880883336,Weed Forces By Kandy Girl,3,1644271477,300.00000000,10.00000000
0x5d7846007c1dd6dca25d16ce2f71ec13bcdcf6f0,Lau,0xe5b3727d464673a86d7ef1d97a78e8ef17a281a6,Blazin Armor - Ember Sword,1,1644397608,100.00000000,10.00000000
0x5d7846007c1dd6dca25d16ce2f71ec13bcdcf6f0,Lau,0xfcaaac754ee4e327af3847022177dd9ebc626c05,Cyborg RGB Collection,1,1644439089,100.00000000,10.00000000
0x5d7846007c1dd6dca25d16ce2f71ec13bcdcf6f0,Lau,0xba61daa84a74bc39dff903d0a01e212585b97a4d,Mystery Monsters 1,1,1644440299,100.00000000,10.00000000
0x5d7846007c1dd6dca25d16ce2f71ec13bcdcf6f0,Lau,0x427e3e235dd7d0c3fc0b34a829e001d195e4f930,BLOCK X JETPACK,1,1644441325,100.00000000,10.00000000
0x5d7846007c1dd6dca25d16ce2f71ec13bcdcf6f0,Lau,0x45957dd1dbcfe1d6227f970ef47fa8fd8f68ebc9,Dahlia  X  M1D,1,1644441837,100.00000000,10.00000000
0x5d7846007c1dd6dca25d16ce2f71ec13bcdcf6f0,Lau,0xf6ba7727dba2a5f3abb645eee976334436e780c1,Festival Girl,1,1644442621,100.00000000,10.00000000
0x5d7846007c1dd6dca25d16ce2f71ec13bcdcf6f0,Lau,0x5de5ffa62ffde74fcc7ec4acff9c0121ea2b796a,Female Wearables,1,1644442891,100.00000000,10.00000000
0x5d7846007c1dd6dca25d16ce2f71ec13bcdcf6f0,Lau,0xf5ce308403c6e20514bd68e0674b6dd33d12d28d,Kandy Bucks Vip Room Access,1,1644532030,100.00000000,10.00000000
0x5d7846007c1dd6dca25d16ce2f71ec13bcdcf6f0,Lau,0xd9038d5ff64c7dc888914ecde2a48a2bfb389e3c,STAR BATTLES,1,1644535143,100.00000000,10.00000000
0x5d7846007c1dd6dca25d16ce2f71ec13bcdcf6f0,Lau,0xdce975da4fcb9303363805a532f854ada14a7943,Green Bug Collection ,1,1644671580,100.00000000,10.00000000
0x5d7846007c1dd6dca25d16ce2f71ec13bcdcf6f0,Lau,0x3b98b079f2f8b15bbde9ab7aafc65bc8dc2b2bb4,APES 3D 0914,2,1644673337,200.00000000,10.00000000
0x5d7846007c1dd6dca25d16ce2f71ec13bcdcf6f0,Lau,0x83a600dfb82a4806f60f5ee5bf02c306639fe385,Lipstick #1 by Baroque++,1,1644673697,100.00000000,10.00000000
0x5d7846007c1dd6dca25d16ce2f71ec13bcdcf6f0,Lau,0x7fbdbde89ea309332c7bb47d908978aa352826f8,Queen of Hearts,4,1644710033,400.00000000,10.00000000
0x5d7846007c1dd6dca25d16ce2f71ec13bcdcf6f0,Lau,0x7a98640e7c04fa5340fef1d00aee2bfb87b68b55,Uniqly.io Cupid's Rug,1,1644711893,100.00000000,10.00000000
0x5d7846007c1dd6dca25d16ce2f71ec13bcdcf6f0,Lau,0xfcf98acb3a1ec2434a4ef66352e199433c2da169,Plague-Doctor,1,1644872625,100.00000000,10.00000000
0x5d7846007c1dd6dca25d16ce2f71ec13bcdcf6f0,Lau,0x183031417953be6f4d982f9c3d792844eda155b3,Sea Creatures,1,1644873093,100.00000000,10.00000000
0x5d7846007c1dd6dca25d16ce2f71ec13bcdcf6f0,Lau,0x989f052a5ce79c22d26ac1ec17832532d18bf869,Tux Light,1,1644874515,100.00000000,10.00000000
0x5d7846007c1dd6dca25d16ce2f71ec13bcdcf6f0,Lau,0x4110d592fd68564325b8d4646659143870ae72ca,Metyis,1,1645052802,100.00000000,10.00000000
0x5d7846007c1dd6dca25d16ce2f71ec13bcdcf6f0,Lau,0xc3e7c7b0e92d4e2dd3d4643725eb3484c2442715,Crystal Mask,1,1645059113,100.00000000,10.00000000
0x5d7846007c1dd6dca25d16ce2f71ec13bcdcf6f0,Lau,0xc3ba7eb91bd31c331d3d0d934c908c7368e6ec50,Supernova Maria Pascual,1,1645114950,100.00000000,10.00000000
0x5d7846007c1dd6dca25d16ce2f71ec13bcdcf6f0,Lau,0x9c30d3a7cf04fe8727ee4ac26b07f3df27c68b08,Universe Maria Pascual,2,1645115560,200.00000000,10.00000000
0x5d7846007c1dd6dca25d16ce2f71ec13bcdcf6f0,Lau,0xd1b710d7ec191cd42f2fd830f6ab651512901265,Drop Bear Helmet,1,1645222624,100.00000000,10.00000000
0x5d7846007c1dd6dca25d16ce2f71ec13bcdcf6f0,Lau,0xd21b71b7afa00144fbed60d7601e70ce4e4abccb,Sensei,1,1645224273,100.00000000,10.00000000
0x5d7846007c1dd6dca25d16ce2f71ec13bcdcf6f0,Lau,0x3d634c8e7cd5c8391cc8af86c81c992d8a57fab7,Goddess Wedding Dress Collection,1,1645391279,100.00000000,10.00000000
0x5d7846007c1dd6dca25d16ce2f71ec13bcdcf6f0,Lau,0xc0c00683c6fb392739e8a3946b1f461cdec4b503,Basic Parkour Pass,1,1645484701,100.00000000,10.00000000
0x5d7846007c1dd6dca25d16ce2f71ec13bcdcf6f0,Lau,0xf29eb076a26515c1f1a8608091de44a2e4e85d29,Crystal_Collection_1,1,1645566214,100.00000000,10.00000000
0x5d7846007c1dd6dca25d16ce2f71ec13bcdcf6f0,Lau,0x8f102b4f893d8f84659e3c4c824daa5d30d5550e,10ka shoes,1,1645861514,100.00000000,10.00000000
0x5d7846007c1dd6dca25d16ce2f71ec13bcdcf6f0,Lau,0xf4bf8a75c2f62f1c74dea9b5506a026692fbe091,Cool suits,1,1645875630,100.00000000,10.00000000
0x5d7846007c1dd6dca25d16ce2f71ec13bcdcf6f0,Lau,0xb8434b444051e0ff312a577aa5e640aa7793e059,Pioneer Collection - SUMOVERSE,3,1646000819,300.00000000,10.00000000
0x5d7846007c1dd6dca25d16ce2f71ec13bcdcf6f0,Lau,0xe042ff7436c99a178e19761b036cb44825e3d41f,Reeva Collation,1,1646074071,100.00000000,10.00000000
0x5d7846007c1dd6dca25d16ce2f71ec13bcdcf6f0,Lau,0xfa3733e69cfba3a5fd07ef22459f89b0f01913f9,Crown & Wing,1,1646350752,100.00000000,10.00000000
0x5d7846007c1dd6dca25d16ce2f71ec13bcdcf6f0,Lau,0xd117183e1b37865ce2a3f29c192283d02e0f72f6,Golden Wine Bodysuit,1,1646400833,100.00000000,10.00000000
0x5d7846007c1dd6dca25d16ce2f71ec13bcdcf6f0,Lau,0x8d677cb08f1104ede9741ab26839073505ba43ea,Oxford mic,1,1646432297,100.00000000,10.00000000
0x5d7846007c1dd6dca25d16ce2f71ec13bcdcf6f0,Lau,0xfba410acf9ee6edf2e695c7ccaf69f494d4cfe11,DigiKi,1,1647190151,100.00000000,10.00000000
0x5d7846007c1dd6dca25d16ce2f71ec13bcdcf6f0,Lau,0x5c7ed488d2d3f6da0f299286d51c8f3613bd30d0,XOXO Glow Walkman,1,1647196147,100.00000000,10.00000000
0x5d7846007c1dd6dca25d16ce2f71ec13bcdcf6f0,Lau,0x46fe82eb089a5f81dc6813ef4549fb7671d3f685,Butterfly Prawn Motorcycles S1,2,1647285478,200.00000000,10.00000000
0x5d7846007c1dd6dca25d16ce2f71ec13bcdcf6f0,Lau,0x360e2ec456369cfed8f7009d4cd0c257ec24af00,Water Wings,3,1647286337,300.00000000,10.00000000
0x5d7846007c1dd6dca25d16ce2f71ec13bcdcf6f0,Lau,0x738a423c94a4c2457cd40fcab7050f97a4ff13c2,Chufy's Wearables Collection,6,1647630651,600.00000000,10.00000000
0x5d7846007c1dd6dca25d16ce2f71ec13bcdcf6f0,Lau,0xd717e7017b672ea5fcdc91eab420f370f8813ce5,B.A.Y.C.,1,1647630940,100.00000000,10.00000000
0x5d7846007c1dd6dca25d16ce2f71ec13bcdcf6f0,Lau,0x698c47ee122abcea31c251370c70e1feaf5545f2,3Dium x Charles & Keith,2,1647776501,200.00000000,10.00000000
0x5d7846007c1dd6dca25d16ce2f71ec13bcdcf6f0,Lau,0x55e59c43f0b2eea14d5126fc8d531476fbd69529,MetaDoge,1,1647776841,100.00000000,10.00000000
0x5d7846007c1dd6dca25d16ce2f71ec13bcdcf6f0,Lau,0x617744903688185a1d6fac8b9c0e03a2ffe0f66b,Fight Club,1,1648158429,100.00000000,10.00000000
0x5d7846007c1dd6dca25d16ce2f71ec13bcdcf6f0,Lau,0x2555a974177d05b50472343701e74594e14af5fc,Fuego x SlideOnClay FW 2022,1,1648159797,100.00000000,10.00000000
0x5d7846007c1dd6dca25d16ce2f71ec13bcdcf6f0,Lau,0xe10ad05d5f5e533ef7b05ff716f40f8fed65715c,METACOMICS V2,1,1648593207,100.00000000,10.00000000
0x5d7846007c1dd6dca25d16ce2f71ec13bcdcf6f0,Lau,0xb5ecd528dfc9d6c0c3fdbe63ae5d2a088a63bfc3,Mr4Bet's Shorts ,1,1648676966,100.00000000,10.00000000
0x5d7846007c1dd6dca25d16ce2f71ec13bcdcf6f0,Lau,0x8b9723fa60676f5921c1169ae003e6e2002ab9c0,Legendary Weed Pet by Oltecs,1,1648762724,100.00000000,10.00000000
0x5d7846007c1dd6dca25d16ce2f71ec13bcdcf6f0,Lau,0x0a8806054d0a6823d02ca63728869e40e7dc851b,chinix,1,1651689279,100.00000000,10.00000000
0x5d7846007c1dd6dca25d16ce2f71ec13bcdcf6f0,Lau,0xf7203e7b03cdd81b0d40196041ecf3c8b49495be,Soul Birds - styleXchange,4,1652430790,400.00000000,10.00000000
0x5d7846007c1dd6dca25d16ce2f71ec13bcdcf6f0,Lau,0x93f9335ad9e3704f8531c5ddabc6e9923827f36c,This Is A Wearabell,1,1652431457,100.00000000,10.00000000
0x5d7846007c1dd6dca25d16ce2f71ec13bcdcf6f0,Lau,0xab25ade484d044cfea517becf16e999b5a7f23a2,EY Giveaways,1,1652859457,100.00000000,10.00000000
0x5d7846007c1dd6dca25d16ce2f71ec13bcdcf6f0,Lau,0xadcdaa049904d31b192b0f868c3c68ecae928849,Factuals,4,1654175394,400.00000000,10.00000000
0x5d7846007c1dd6dca25d16ce2f71ec13bcdcf6f0,Lau,0x7add262a3f30053ec712154c753ffcfe8f89d485,Possessed Ghost,1,1665902773,235.57791605,78.52597201
